ID,Task Name,Start,End,Dependency,Outline Level
1,1 Requirement Analysis and Planning,1/1/2025,1/10/2025,,1
2,1.1 Identify needs and requirements,1/1/2025,1/3/2025,1,2
3,1.2 Define Functional and Non-functional requirements,1/3/2025,1/5/2025,1,2
4,1.3 Identify External Dependencies,1/5/2025,1/7/2025,1,2
5,1.4 Prepare Datasets,1/7/2025,1/10/2025,1,2
6,2 System and Architecture Design,1/10/2025,1/18/2025,1,1
7,2.1 Establish architecture,1/10/2025,1/14/2025,2,2
8,2.2 Design Database Schema,1/14/2025,1/16/2025,2,2
9,2.3 Data Flow Diagrams and Use Cases,1/16/2025,1/18/2025,2,2
10,3 Increment 1 (Authentication),1/18/2025,1/26/2025,2,1
11,3.1 Planning and Research,1/18/2025,1/19/2025,3,2
12,3.2 Determine Objectives,1/19/2025,1/20/2025,3,2
13,3.3 Analysis and Design,1/20/2025,1/22/2025,3,2
14,3.4 Implement Authentication,1/22/2025,1/24/2025,3,2
15,3.5 Testing,1/24/2025,1/25/2025,3,2
16,3.6 Evaluation,1/25/2025,1/26/2025,3,2
17,4 Increment 2 (Segmentation),1/26/2025,2/5/2025,3,1
18,4.1 Planning and Research,1/26/2025,1/27/2025,4,2
19,4.2 Determine Objectives,1/27/2025,1/28/2025,4,2
20,4.3 Analysis and Design,1/28/2025,1/30/2025,4,2
21,4.4 Implement Segmentation,1/30/2025,2/2/2025,4,2
22,4.5 Segmentation Preview + Fallback,2/2/2025,2/4/2025,4,2
23,4.6 Testing,2/4/2025,2/5/2025,4,2
24,4.7 Evaluation,2/5/2025,2/6/2025,4,2
25,5 Increment 3 (Classification),2/6/2025,2/15/2025,4,1
26,5.1 Planning and Research,2/6/2025,2/7/2025,5,2
27,5.2 Determine Objectives,2/7/2025,2/8/2025,5,2
28,5.3 Analysis and Design,2/8/2025,2/10/2025,5,2
29,5.4 Implement Clothing Type Categorization,2/10/2025,2/13/2025,5,2
30,5.5 Create Embeddings,2/13/2025,2/14/2025,5,2
31,5.6 Testing,2/14/2025,2/15/2025,5,2
32,5.7 Evaluation,2/15/2025,2/16/2025,5,2
33,6 Increment 4 (Storage System),2/16/2025,2/28/2025,5,1
34,6.1 Planning and Research,2/16/2025,2/17/2025,6,2
35,6.2 Analysis and Design,2/17/2025,2/20/2025,6,2
36,6.3 Implement Virtual Closet Model,2/20/2025,2/24/2025,6,2
37,6.4 Flutter UI for Storage,2/24/2025,2/26/2025,6,2
38,6.5 Testing,2/26/2025,2/27/2025,6,2
39,6.6 Evaluation,2/27/2025,2/28/2025,6,2
40,7 Increment 5 (Recommendation + Weather),2/28/2025,3/12/2025,6,1
41,7.1 Planning and Research,2/28/2025,3/1/2025,7,2
42,7.2 Analysis and Design,3/1/2025,3/3/2025,7,2
43,7.3 Develop Hybrid Recommendation Engine,3/3/2025,3/7/2025,7,2
44,7.4 Weather Integration,3/7/2025,3/9/2025,7,2
45,7.5 Develop Rating AI,3/9/2025,3/11/2025,7,2
46,7.6 Testing,3/11/2025,3/12/2025,7,2
47,7.7 Evaluation,3/12/2025,3/13/2025,7,2
48,8 Increment 6 (Final Integration),3/13/2025,3/25/2025,7,1
49,8.1 Planning and System Design,3/13/2025,3/15/2025,8,2
50,8.2 Integrate Flutter with Backend + AI,3/15/2025,3/20/2025,8,2
51,8.3 Testing,3/20/2025,3/23/2025,8,2
52,8.4 Evaluation,3/23/2025,3/25/2025,8,2
53,9 Testing and Evaluation (Full System),3/25/2025,4/5/2025,8,1
54,9.1 Final System Testing,3/25/2025,3/28/2025,9,2
55,9.2 Integration Testing,3/28/2025,3/30/2025,9,2
56,9.3 Performance Testing,3/30/2025,4/3/2025,9,2
57,9.4 Deploy to Cloud,4/3/2025,4/5/2025,9,2
58,10 Maintenance & Iteration,4/5/2025,4/20/2025,9,1
59,10.1 Fix Bugs and Improve Accuracy,4/5/2025,4/10/2025,10,2
60,10.2 Optimize based on Feedback,4/10/2025,4/15/2025,10,2
61,10.3 Finalize Documentation,4/15/2025,4/20/2025,10,2
